username,count_in_sample
Mispelled-This,5
Exciting-Cell-7702,3
Ihaveamodel3,3
Stargazerr8,3
Disastrous-Bike659,2
MiguelIstNeugierig,2
circusvetsara,2
Doogiemon,2
Werewolfdad,2
NeverAgainMeansNever,2
ksuwildkat,2
nofilter144,2
MiserableAd2878,2
FlyTying101,2
Efficient-Try-299,2
TuneSoft7119,2
Rockthejokeboat,2
iminabearsuit,2
freekicker_,2
KevWill,2
rAntW,2
Lost-Rice-945,2
Softbombsalad,2
updownclown68,2
Curious-Marsupial-41,1
CreeDorofl,1
SeeingSound2991,1
Vivid_Pianist4270,1
Classic_Button777,1
MidorBird,1
S1r_n0b0dy,1
sittingonthetoilet13,1
DeDobber,1
HelloFromWisco,1
nickcash,1
TerribleLeg4777,1
Haz_Bat_570,1
Equivalent-Screen-89,1
jjkitty2001,1
James_099,1
BackgroundPlay562,1
fren2allcheezes,1
Top_Initiative_754,1
myersm1993,1
velvetrevolting,1
DavidinCT,1
misscatlady,1
pimple-pop,1
MomG0neWild,1
geekishly,1
bjornodinnson,1
Soranhirani,1
Yuna1989,1
Salty-Ad9117,1
Danovale,1
Expensive-Draw-6897,1
awesome-ekeler,1
SnuffShock,1
Fast_Veterinarian719,1
Emperor-Universe,1
LeatherRebel5150,1
weluckyfew,1
SyrupVisual9036,1
Healthy-Brilliant549,1
Learningstuff247,1
rxtech24,1
amr1412010,1
_leafy_sea_dragon_,1
FizzySpew,1
Dog_On_Train2,1
Hrekires,1
Charleston2Seattle,1
DinkandDrunk,1
JohanMcdougal,1
sapian-sapian,1
Sharkbait_ooohaha,1
dreamcastchalmers,1
pdonoso,1
MushroomHead1217,1
lessmiserables,1
Upright_Eeyore,1
AbbyTheConqueror,1
Hobo_Drifter,1
No_Seat8357,1
Adventurous-Ad660,1
TristanTheRobloxian3,1
enchanted-sorceress,1
MyWeedAccount9,1
Secret_Opinion7762,1
greetings_imperial,1
berrey7,1
FickleCase8997,1
TurbVisible,1
Sticks_Downey,1
Secret_Car_9319,1
SweetSexiestJesus,1
NeedsItRough,1
Josephk_5690,1
ForQ2,1
heyyselene,1
notarealperson319,1
Fine_Palpitation9128,1
Downtown_Passage4335,1
Traditional_Law_3342,1
AnAntWithWifi,1
Sashique,1
FlamingWhisk,1
Rottenryebread,1
Ready-Screen1426,1
Smeows,1
stanimal21,1
ellab58,1
Camille_Toh,1
TuxAndrew,1
ubfeo,1
zaksdaddy,1
Frosty_Builder7550,1
Vegetable_Alarm1552,1
danceswithsteers,1
IndexBot,1
whoisx3ro,1
Pascale73,1
alexm2816,1
meamemg,1
Aqua_Impura,1
Annual_Fishing_9883,1
Jerry_Dandridge,1
limitless__,1
smartguy1990,1
hankeroni,1
hiaceprius,1
OllieQInstinct,1
DirtyWriterDPP,1
robot_ankles,1
Dinolord05,1
timusw,1
Basic-Earth3007,1
SWMOG,1
Birdy_Cephon_Altera,1
Dry_Raise2917,1
Data_Nerds_Unite,1
Indaleciox,1
Chase2020J,1
SWIMlovesyou,1
BlackDog990,1
shrivel,1
Coronator,1
AveryFay,1
datatadata,1
TheParentsTable_Dads,1
ksiemonsma,1
SanguineWave,1
Captain_Sacktap,1
Someone__Cooked_Here,1
First_Detective6234,1
urko37,1
RealRandomNobody,1
Novogobo,1
dogbreath67,1
DontEatConcrete,1
Ok-Moose8271,1
HeroOfShapeir,1
rocky5100,1
ireezy5918,1
penelope_pig,1
iadorebrandon,1
1981jd,1
Impossible_Week_7129,1
BigSpeaker4401,1
midwestmaven16,1
Eveningfluffcat,1
valiantdistraction,1
FriedaKilligan,1
Stwtrgrl,1
Mandalabouquet,1
TeddingtonMerson,1
Annual_Version_6250,1
PrettyFreakinNifty,1
DatguyMalcolm,1
fishingfriend142525,1
ConflictedCoffeeBean,1
ThrowRaGap-4099,1
HogwartsZoologist,1
DocSternau,1
Status-Grocery2424,1
RedwoodRespite,1
Frequent-Feature617,1
Disastrous_Tale_8580,1
eeekkk9999,1
Jsmith2127,1
wetcherri,1
yeah_222,1
Kennedia27890,1
ShneefQueen,1
MarsailiPearl,1
DavidHikinginAlaska,1
Conscious_Reading121,1
mkaszycki81,1
Throw_Away1727,1
Huh_huh_huh-,1
right_to_write,1
ZaBardo4,1
whackyelp,1
ForeverSunflowerBird,1
UsuallyWrite2,1
Badbeanbby,1
No_Location_5565,1
sassysiggy,1
ItsSchuSchu,1
imsadandthatsrad,1
whatsmypassword73,1
Historical_Kick_3294,1
LadyKlepsydra,1
MarlsDarklie,1
Only_Tip9560,1
Imtifflish24,1
cynical-puppy26,1
Kindly-Parsley9765,1
No_Editor_6895,1
Prudence_rigby,1
Caferacer360,1
Impressive_Owl3903,1
Ok-Cow1521,1
_JeanLouise_,1
harleywren01,1
To_Sandri,1
Low_Armadillo9823,1
DistributionSalty721,1
helendestroy,1
eKg_78,1
ghoulishgirl,1
Fun_Complaint_5964,1
Beginning-Science236,1
ThrowRameowmeow2,1
