username,post_count,total_words,avg_words_per_post,estimated_tokens,distinct_subreddits
121PB4Y2,103,3862,37.5,5021,18
20REDACTED20,230,3761,16.35,4889,9
Angry__Bull,61,1665,27.3,2164,21
BD_TheBeast,74,3854,52.08,5010,7
Bandersnatchking,384,11349,29.55,14754,9
Bdrodge,42,1209,28.79,1572,5
Beetusmon,152,3853,25.35,5009,32
Clay-mo,192,7751,40.37,10076,38
CosmosTheory,54,1075,19.91,1398,15
CubesAndPi,86,2081,24.2,2705,8
DaLimeWizard,52,920,17.69,1196,28
Death_by_lasers,30,1143,38.1,1486,6
Decestor,66,1093,16.56,1421,22
Deeper_Slumber,53,1231,23.23,1600,17
Drafonni,83,1123,13.53,1460,28
Ergitatedx,63,3427,54.4,4455,10
Flarzo,100,1941,19.41,2523,26
Fummy,221,3322,15.03,4319,35
Gamsy,60,2129,35.48,2768,24
GunplaDan,45,1116,24.8,1451,14
H12H12H12,64,1048,16.38,1362,39
HeadShotWonder,77,1985,25.78,2580,7
Hooray4Metaphors,50,685,13.7,890,15
Hyperschooldropout,240,8992,37.47,11690,58
JediTaz,49,1447,29.53,1881,13
Kim-Jong-Long-Dong,71,1019,14.35,1325,17
LimeScunt,113,2813,24.89,3657,10
Linkstrikesback,40,2200,55.0,2860,9
MouthyClam,28,1216,43.43,1581,8
MrGrieves787,45,1593,35.4,2071,12
NiharaNao,31,1790,57.74,2327,15
Nobodieshero816,107,1515,14.16,1970,32
Number-1Dad,78,2692,34.51,3500,12
POOLreads,80,989,12.36,1286,11
ParrotGeek_Software,87,1303,14.98,1694,6
Principfist,213,4483,21.05,5828,92
Rcarlyle,76,3572,47.0,4644,8
RhegedHerdwick,42,1772,42.19,2304,6
RobertDeBruce,58,1009,17.4,1312,9
Sabeta,68,6959,102.34,9047,10
Saftpackung,25,960,38.4,1248,8
SteakSauce202012,75,1168,15.57,1518,16
StrangeAlternative,91,2543,27.95,3306,19
Strix182,84,1242,14.79,1615,27
SwagGuy99,44,2297,52.2,2986,5
T-Other1,54,2441,45.2,3173,10
TerrorAustralus,97,4234,43.65,5504,5
Terry-got-Traps,40,894,22.35,1162,7
That_GareBear,89,2392,26.88,3110,14
USELESS_SEQUELS,175,2824,16.14,3671,10
Up2Eleven,170,6711,39.48,8724,31
Valraithion,309,4152,13.44,5398,96
Vapordragon22,48,665,13.85,864,20
VirgoQueen918,161,6302,39.14,8193,48
WarbossTodd,32,1181,36.91,1535,11
abdomino,43,1210,28.14,1573,23
bazoos,39,965,24.74,1254,29
bsousa717,92,1304,14.17,1695,10
crenaani,36,1250,34.72,1625,7
dannydesweeto,65,1446,22.25,1880,12
derivedx,38,1372,36.11,1784,10
doomalgae,205,11238,54.82,14609,29
evanmgmr,33,718,21.76,933,7
fademeprobably,115,8029,69.82,10438,7
firechips,52,891,17.13,1158,37
g88chum,51,795,15.59,1034,6
hapigood,95,3654,38.46,4750,6
harriettehspy,186,5461,29.36,7099,47
i9srpeg,180,3005,16.69,3906,10
illbzo1,263,5333,20.28,6933,16
intoner1,132,3574,27.08,4646,17
itsakidsbooksantiago,276,6014,21.79,7818,73
kaitwetz,41,1183,28.85,1538,8
kdeaton06,124,3005,24.23,3906,28
ketchup_popscicle,127,4458,35.1,5795,14
killerkenb2654,53,1127,21.26,1465,13
lGodnoob,30,1459,48.63,1897,8
lethal909,56,1127,20.12,1465,16
lonestiz,45,1021,22.69,1327,12
loveyourdogs,27,2659,98.48,3457,9
mrkarma4ya,98,1764,18.0,2293,26
newenglandsports1,32,618,19.31,803,5
norainemom,41,973,23.73,1265,7
northwoods14,39,714,18.31,928,10
paranoid_hollow,156,5530,35.45,7189,11
pentaxlx,30,1998,66.6,2597,6
polar_bear-cub,122,3671,30.09,4772,9
powerdeamon,62,3493,56.34,4541,16
praharin,470,8655,18.41,11252,38
razorbeamz,88,5662,64.34,7361,7
redfox981,39,1102,28.26,1433,9
sam381,51,887,17.39,1153,15
sameoldrussianstan,46,682,14.83,887,5
scalablecory,69,2549,36.94,3314,24
sgst,117,7137,61.0,9278,20
sickletotheface,138,2116,15.33,2751,10
strugglz,198,5093,25.72,6621,23
theredhotbellpepper,72,2247,31.21,2921,5
unusual-llamma,65,947,14.57,1231,32
vartz04,47,871,18.53,1132,8
w1ngzer0,33,1694,51.33,2202,10
warturtle27,29,1014,34.97,1318,16
watchmefly420,422,5511,13.06,7164,6
yaxyakalagalis,25,2248,89.92,2922,8
zerokul,31,1317,42.48,1712,10
zighextech,94,1636,17.4,2127,5
zoolian,27,1380,51.11,1794,7
