username,post_count,total_words,avg_words_per_post,estimated_tokens
-WEAVER-,36,296,8.22,385
-splicer-,57,496,8.7,645
121PB4Y2,103,3862,37.5,5021
1ofthe2ofus,31,556,17.94,723
20REDACTED20,230,3761,16.35,4889
AltieHeld,28,433,15.46,563
Ampl1c1ty,95,1092,11.49,1420
Angry__Bull,60,1576,26.27,2049
AphrodieS800,62,296,4.77,385
BARACK_YO_MOMMA,38,438,11.53,569
BD_TheBeast,71,3621,51.0,4707
BananaCamPhoto,37,495,13.38,644
Bandersnatchking,384,11349,29.55,14754
Bdrodge,41,1176,28.68,1529
Beetusmon,151,3847,25.48,5001
Bot_number_1605,286,3432,12.0,4462
Bry9nt,25,202,8.08,263
CaptainRelaxed,4,6,1.5,8
CerealIsJustColdSoup,109,984,9.03,1279
Clay-mo,184,7448,40.48,9682
Cookiecrunch69,25,516,20.64,671
CosmosTheory,51,1048,20.55,1362
CubesAndPi,83,2041,24.59,2653
DaLimeWizard,39,621,15.92,807
Death_by_lasers,29,918,31.66,1193
Decestor,59,1050,17.8,1365
Deeper_Slumber,52,1222,23.5,1589
DeliciousJamsNJellys,25,241,9.64,313
DeltaGTI,25,593,23.72,771
DivinitySoul,27,243,9.0,316
Drafonni,66,987,14.95,1283
Drandol,45,506,11.24,658
Ergitatedx,63,3427,54.4,4455
Erma99,18,166,9.22,216
FastskullYT,26,467,17.96,607
Flarzo,97,1748,18.02,2272
Fummy,217,3257,15.01,4234
Gamsy,60,2129,35.48,2768
Godoufu,25,3470,138.8,4511
GunplaDan,43,1087,25.28,1413
H12H12H12,62,1022,16.48,1329
HRH2,56,1757,31.38,2284
HeadShotWonder,73,1705,23.36,2216
Here-to-pleaseyou,0,0,0.0,0
Hooray4Metaphors,50,685,13.7,890
HumbleCrew2000,42,258,6.14,335
Hyperschooldropout,238,8960,37.65,11648
IT-freedom,36,205,5.69,266
ItXurLife,55,2095,38.09,2724
JayDeePea,50,823,16.46,1070
JediTaz,48,1429,29.77,1858
Jidaque,28,1071,38.25,1392
JujuBra18,28,192,6.86,250
Kim-Jong-Long-Dong,46,792,17.22,1030
LimeScunt,108,2547,23.58,3311
Linkstrikesback,40,2200,55.0,2860
Master-ShadowV,70,2189,31.27,2846
MishBBfan,56,3442,61.46,4475
MouthyClam,27,963,35.67,1252
MrGrieves787,43,642,14.93,835
MrTriggerbot,33,740,22.42,962
My_Gawd,24,369,15.38,480
Nepou,30,648,21.6,842
NewEnglandPioneer,31,467,15.06,607
Nichpatalex,104,1165,11.2,1514
NiharaNao,29,1224,42.21,1591
Nobodieshero816,104,1431,13.76,1860
Number-1Dad,75,2662,35.49,3461
OG_Pow,164,1703,10.38,2214
Osarami,34,3559,104.68,4627
OzzyBuckshankNA,251,3465,13.8,4504
POOLreads,68,758,11.15,985
ParrotGeek_Software,85,1267,14.91,1647
Principfist,209,4170,19.95,5421
PrudeJesus,25,397,15.88,516
PyroNecrophile,43,490,11.4,637
Quilter19,27,1102,40.81,1433
R3sid3n7_3vi1,48,566,11.79,736
Radgage,33,225,6.82,292
RaiseTheBarr,49,816,16.65,1061
Raumpendler,35,1738,49.66,2259
Rcarlyle,76,3572,47.0,4644
Real_Kitchen,43,394,9.16,512
RedditMemeZone75655,59,657,11.14,854
Redditor19391488,39,272,6.97,354
RhegedHerdwick,39,1609,41.26,2092
RicerWithAWing,129,1463,11.34,1902
Rmc116,28,501,17.89,651
RobertDeBruce,58,1009,17.4,1312
Sabeta,68,6959,102.34,9047
Saftpackung,25,960,38.4,1248
Shidskit,33,397,12.03,516
Short_Classy_Name,27,440,16.3,572
SmallPound,0,0,0.0,0
Sparrowhawk16,26,326,12.54,424
SpicyDankShitposts,27,227,8.41,295
SteakSauce202012,75,1168,15.57,1518
StrangeAlternative,91,2543,27.95,3306
Strix182,83,1237,14.9,1608
SwagGuy99,44,2297,52.2,2986
T-Other1,46,2334,50.74,3034
Tarum_Bklyn,81,828,10.22,1076
TerrorAustralus,94,4206,44.74,5468
Terry-got-Traps,40,894,22.35,1162
That_GareBear,89,2392,26.88,3110
TheOne69420666,75,300,4.0,390
USELESS_SEQUELS,166,2661,16.03,3459
Up2Eleven,153,5205,34.02,6766
VIPDX,32,451,14.09,586
Valraithion,307,4118,13.41,5353
Vapordragon22,48,665,13.85,864
Vesyio,65,607,9.34,789
VirgoQueen918,161,6302,39.14,8193
WarbossTodd,31,1091,35.19,1418
Zelsaus,330,9844,29.83,12797
abdomino,41,1189,29.0,1546
amrodd,637,19632,30.82,25522
argumentumadreddit,62,10624,171.35,13811
ashevillemyth,27,338,12.52,439
bannullen,32,469,14.66,610
bazoos,39,965,24.74,1254
bsousa717,84,1193,14.2,1551
calloustreble,30,1503,50.1,1954
catorendain,50,590,11.8,767
conman48170,42,184,4.38,239
crenaani,36,1250,34.72,1625
cyadad,128,10516,82.16,13671
daniel9dsi,67,1568,23.4,2038
dannydesweeto,65,1446,22.25,1880
derivedx,38,1372,36.11,1784
disco_thief,33,559,16.94,727
dontfindmeirlplease,21,226,10.76,294
doomalgae,202,11100,54.95,14430
dude_luv,4,33,8.25,43
ebtcard,26,315,12.12,410
egr2pls,25,253,10.12,329
evanmgmr,30,569,18.97,740
fademeprobably,112,7607,67.92,9889
firechips,51,799,15.67,1039
g88chum,50,723,14.46,940
garden-works,42,694,16.52,902
hapigood,93,3628,39.01,4716
harriettehspy,184,5436,29.54,7067
i9srpeg,180,3005,16.69,3906
illbzo1,257,5054,19.67,6570
intoner1,132,3574,27.08,4646
isheffa,33,202,6.12,263
itsakidsbooksantiago,274,5986,21.85,7782
jbe79sb,145,772,5.32,1004
kaitwetz,38,1017,26.76,1322
karnivor1995,11,495,45.0,644
kdeaton06,123,2996,24.36,3895
ketchup_popscicle,126,4352,34.54,5658
killerkenb2654,48,993,20.69,1291
lGodnoob,18,476,26.44,619
lethal909,56,1127,20.12,1465
lfc_redbear,111,3225,29.05,4192
lonestiz,45,1021,22.69,1327
loveyourdogs,23,1993,86.65,2591
masiavelli,24,378,15.75,491
matthew403717,53,451,8.51,586
medusamadonna,30,247,8.23,321
mrkarma4ya,89,1314,14.76,1708
newenglandsports1,30,576,19.2,749
norainemom,32,629,19.66,818
northwoods14,39,714,18.31,928
notasthenameimplies,28,330,11.79,429
paranoid_hollow,155,5491,35.43,7138
penggemarpepek,25,767,30.68,997
penguin4k,61,936,15.34,1217
pentaxlx,30,1998,66.6,2597
pierced_geek,347,898,2.59,1167
pixelsandfilm,78,851,10.91,1106
polar_bear-cub,119,3344,28.1,4347
powerdeamon,61,3336,54.69,4337
praharin,470,8655,18.41,11252
razorbeamz,82,5482,66.85,7127
redfox981,39,1102,28.26,1433
sam381,51,887,17.39,1153
sameoldrussianstan,43,545,12.67,708
scalablecory,67,2369,35.36,3080
sgst,115,6886,59.88,8952
sickletotheface,130,1976,15.2,2569
skribsbb,830,46082,55.52,59907
south127,32,256,8.0,333
stellasteve71,24,222,9.25,289
strugglz,198,5093,25.72,6621
theredhotbellpepper,69,2233,32.36,2903
unusual-llamma,33,427,12.94,555
vartz04,41,622,15.17,809
vidaru-x,27,1862,68.96,2421
w1ngzer0,33,1694,51.33,2202
warturtle27,29,1014,34.97,1318
watchmefly420,404,4704,11.64,6115
wendigo835,25,1321,52.84,1717
yaxyakalagalis,23,2219,96.48,2885
zerokul,30,1299,43.3,1689
zighextech,94,1636,17.4,2127
zoolian,26,1355,52.12,1762
zzptichka,25,505,20.2,656
