username,comment_count,submission_count,total_activity
Mispelled-This,-1,-1,-2
Exciting-Cell-7702,-1,-1,-2
Ihaveamodel3,-1,-1,-2
Stargazerr8,-1,-1,-2
Disastrous-Bike659,-1,-1,-2
MiguelIstNeugierig,-1,-1,-2
circusvetsara,-1,-1,-2
Doogiemon,-1,-1,-2
Werewolfdad,-1,-1,-2
NeverAgainMeansNever,-1,-1,-2
ksuwildkat,-1,-1,-2
nofilter144,-1,-1,-2
MiserableAd2878,-1,-1,-2
FlyTying101,-1,-1,-2
Efficient-Try-299,-1,-1,-2
TuneSoft7119,-1,-1,-2
Rockthejokeboat,-1,-1,-2
iminabearsuit,-1,-1,-2
freekicker_,-1,-1,-2
KevWill,-1,-1,-2
rAntW,-1,-1,-2
Lost-Rice-945,-1,-1,-2
Softbombsalad,-1,-1,-2
updownclown68,-1,-1,-2
Curious-Marsupial-41,-1,-1,-2
CreeDorofl,-1,-1,-2
SeeingSound2991,-1,-1,-2
Vivid_Pianist4270,-1,-1,-2
Classic_Button777,-1,-1,-2
MidorBird,-1,-1,-2
S1r_n0b0dy,-1,-1,-2
sittingonthetoilet13,-1,-1,-2
DeDobber,-1,-1,-2
HelloFromWisco,-1,-1,-2
nickcash,-1,-1,-2
TerribleLeg4777,-1,-1,-2
Haz_Bat_570,-1,-1,-2
Equivalent-Screen-89,-1,-1,-2
jjkitty2001,-1,-1,-2
James_099,-1,-1,-2
BackgroundPlay562,-1,-1,-2
fren2allcheezes,-1,-1,-2
Top_Initiative_754,-1,-1,-2
myersm1993,-1,-1,-2
velvetrevolting,-1,-1,-2
DavidinCT,-1,-1,-2
misscatlady,-1,-1,-2
pimple-pop,-1,-1,-2
MomG0neWild,-1,-1,-2
geekishly,-1,-1,-2
bjornodinnson,-1,-1,-2
Soranhirani,-1,-1,-2
Yuna1989,-1,-1,-2
Salty-Ad9117,-1,-1,-2
Danovale,-1,-1,-2
Expensive-Draw-6897,-1,-1,-2
awesome-ekeler,-1,-1,-2
SnuffShock,-1,-1,-2
Fast_Veterinarian719,-1,-1,-2
Emperor-Universe,-1,-1,-2
LeatherRebel5150,-1,-1,-2
weluckyfew,-1,-1,-2
SyrupVisual9036,-1,-1,-2
Healthy-Brilliant549,-1,-1,-2
Learningstuff247,-1,-1,-2
rxtech24,-1,-1,-2
amr1412010,-1,-1,-2
_leafy_sea_dragon_,-1,-1,-2
FizzySpew,-1,-1,-2
Dog_On_Train2,-1,-1,-2
Hrekires,-1,-1,-2
Charleston2Seattle,-1,-1,-2
DinkandDrunk,-1,-1,-2
JohanMcdougal,-1,-1,-2
sapian-sapian,-1,-1,-2
Sharkbait_ooohaha,-1,-1,-2
dreamcastchalmers,-1,-1,-2
pdonoso,-1,-1,-2
MushroomHead1217,-1,-1,-2
lessmiserables,-1,-1,-2
Upright_Eeyore,-1,-1,-2
AbbyTheConqueror,-1,-1,-2
Hobo_Drifter,-1,-1,-2
No_Seat8357,-1,-1,-2
Adventurous-Ad660,-1,-1,-2
TristanTheRobloxian3,-1,-1,-2
enchanted-sorceress,-1,-1,-2
MyWeedAccount9,-1,-1,-2
Secret_Opinion7762,-1,-1,-2
greetings_imperial,-1,-1,-2
berrey7,-1,-1,-2
FickleCase8997,-1,-1,-2
TurbVisible,-1,-1,-2
Sticks_Downey,-1,-1,-2
Secret_Car_9319,-1,-1,-2
SweetSexiestJesus,-1,-1,-2
NeedsItRough,-1,-1,-2
Josephk_5690,-1,-1,-2
ForQ2,-1,-1,-2
heyyselene,-1,-1,-2
notarealperson319,-1,-1,-2
Fine_Palpitation9128,-1,-1,-2
Downtown_Passage4335,-1,-1,-2
Traditional_Law_3342,-1,-1,-2
AnAntWithWifi,-1,-1,-2
Sashique,-1,-1,-2
FlamingWhisk,-1,-1,-2
Rottenryebread,-1,-1,-2
Ready-Screen1426,-1,-1,-2
Smeows,-1,-1,-2
stanimal21,-1,-1,-2
ellab58,-1,-1,-2
Camille_Toh,-1,-1,-2
TuxAndrew,-1,-1,-2
ubfeo,-1,-1,-2
zaksdaddy,-1,-1,-2
Frosty_Builder7550,-1,-1,-2
Vegetable_Alarm1552,-1,-1,-2
danceswithsteers,-1,-1,-2
IndexBot,-1,-1,-2
whoisx3ro,-1,-1,-2
Pascale73,-1,-1,-2
alexm2816,-1,-1,-2
meamemg,-1,-1,-2
Aqua_Impura,-1,-1,-2
Annual_Fishing_9883,-1,-1,-2
Jerry_Dandridge,-1,-1,-2
limitless__,-1,-1,-2
smartguy1990,-1,-1,-2
hankeroni,-1,-1,-2
hiaceprius,-1,-1,-2
OllieQInstinct,-1,-1,-2
DirtyWriterDPP,-1,-1,-2
robot_ankles,-1,-1,-2
Dinolord05,-1,-1,-2
timusw,-1,-1,-2
Basic-Earth3007,-1,-1,-2
SWMOG,-1,-1,-2
Birdy_Cephon_Altera,-1,-1,-2
Dry_Raise2917,-1,-1,-2
Data_Nerds_Unite,-1,-1,-2
Indaleciox,-1,-1,-2
Chase2020J,-1,-1,-2
SWIMlovesyou,-1,-1,-2
BlackDog990,-1,-1,-2
shrivel,-1,-1,-2
Coronator,-1,-1,-2
AveryFay,-1,-1,-2
datatadata,-1,-1,-2
TheParentsTable_Dads,-1,-1,-2
ksiemonsma,-1,-1,-2
SanguineWave,-1,-1,-2
Captain_Sacktap,-1,-1,-2
Someone__Cooked_Here,-1,-1,-2
First_Detective6234,-1,-1,-2
urko37,-1,-1,-2
RealRandomNobody,-1,-1,-2
Novogobo,-1,-1,-2
dogbreath67,-1,-1,-2
DontEatConcrete,-1,-1,-2
Ok-Moose8271,-1,-1,-2
HeroOfShapeir,-1,-1,-2
rocky5100,-1,-1,-2
ireezy5918,-1,-1,-2
penelope_pig,-1,-1,-2
iadorebrandon,-1,-1,-2
1981jd,-1,-1,-2
Impossible_Week_7129,-1,-1,-2
BigSpeaker4401,-1,-1,-2
midwestmaven16,-1,-1,-2
Eveningfluffcat,-1,-1,-2
valiantdistraction,-1,-1,-2
FriedaKilligan,-1,-1,-2
Stwtrgrl,-1,-1,-2
Mandalabouquet,-1,-1,-2
TeddingtonMerson,-1,-1,-2
Annual_Version_6250,-1,-1,-2
PrettyFreakinNifty,-1,-1,-2
DatguyMalcolm,-1,-1,-2
fishingfriend142525,-1,-1,-2
ConflictedCoffeeBean,-1,-1,-2
ThrowRaGap-4099,-1,-1,-2
HogwartsZoologist,-1,-1,-2
DocSternau,-1,-1,-2
Status-Grocery2424,-1,-1,-2
RedwoodRespite,-1,-1,-2
Frequent-Feature617,-1,-1,-2
Disastrous_Tale_8580,-1,-1,-2
eeekkk9999,-1,-1,-2
Jsmith2127,-1,-1,-2
wetcherri,-1,-1,-2
yeah_222,-1,-1,-2
Kennedia27890,-1,-1,-2
ShneefQueen,-1,-1,-2
MarsailiPearl,-1,-1,-2
DavidHikinginAlaska,-1,-1,-2
Conscious_Reading121,-1,-1,-2
mkaszycki81,-1,-1,-2
Throw_Away1727,-1,-1,-2
Huh_huh_huh-,-1,-1,-2
right_to_write,-1,-1,-2
ZaBardo4,-1,-1,-2
whackyelp,-1,-1,-2
ForeverSunflowerBird,-1,-1,-2
UsuallyWrite2,-1,-1,-2
Badbeanbby,-1,-1,-2
No_Location_5565,-1,-1,-2
sassysiggy,-1,-1,-2
ItsSchuSchu,-1,-1,-2
imsadandthatsrad,-1,-1,-2
whatsmypassword73,-1,-1,-2
Historical_Kick_3294,-1,-1,-2
LadyKlepsydra,-1,-1,-2
MarlsDarklie,-1,-1,-2
Only_Tip9560,-1,-1,-2
Imtifflish24,-1,-1,-2
cynical-puppy26,-1,-1,-2
Kindly-Parsley9765,-1,-1,-2
No_Editor_6895,-1,-1,-2
Prudence_rigby,-1,-1,-2
Caferacer360,-1,-1,-2
Impressive_Owl3903,-1,-1,-2
Ok-Cow1521,-1,-1,-2
_JeanLouise_,-1,-1,-2
harleywren01,-1,-1,-2
To_Sandri,-1,-1,-2
Low_Armadillo9823,-1,-1,-2
DistributionSalty721,-1,-1,-2
helendestroy,-1,-1,-2
eKg_78,-1,-1,-2
ghoulishgirl,-1,-1,-2
Fun_Complaint_5964,-1,-1,-2
Beginning-Science236,-1,-1,-2
ThrowRameowmeow2,-1,-1,-2
