username,model,chosen_number,reason,reasoning_tokens,finish_reason,elapsed_seconds,succeeded
hobbang819,deepseek-v4-flash,19,"I'm a practical thinker who values straightforward solutions. The other player likely wants to maximize their own gain, so they'll probably pick a high number like 20. To get the bonus, I need to ask for exactly one less, so I'll choose 19. It's a safe bet that gives me a good chance at the extra 20 shekels.",,stop,1.512,true
thehacksmith,deepseek-v4-flash,15,"I'm a practical person who values directness and efficiency, as seen in my co-op hiring and business approach. I expect the other player to likely choose a middle or high number, maybe 15 or 16, to avoid being too low. I'll pick 15, which is a safe middle ground that could potentially be one less than someone choosing 16, giving me the bonus, while still being a reasonable amount.",,stop,3.469,true
thirdangletheory,deepseek-v4-flash,15,"I'm a practical guy who likes to think ahead. The bonus for asking one less is tempting, but it's risky because the other player might do the same. I'd rather aim for a solid middle ground that's likely to be close to what they pick, so I'll go with 15. It's not too high or low, and if they pick 16, I get the bonus.",,stop,1.941,true
nowalkietalkies,deepseek-v4-flash,18,"I'm a practical person who likes to keep things simple and avoid unnecessary risk. The bonus is tempting, but it depends on the other player also trying for it. I'd rather pick a middle number that's safe and reasonable, not too low or too high. I expect the other player might go for 19 or 20 to try for the bonus, so I'll pick 18 to be just below that, but not too low to miss out on a decent amount.",,stop,3.048,true
bezimya74,deepseek-v4-flash,19,"I'm a practical guy who likes to keep things simple. The other player probably wants to maximize their own gain, so they'll likely pick a high number like 20. If I pick 19, I get 19 plus the 20 bonus for being one less, totaling 39. That's better than picking 20 and getting 20 with no bonus. I'll go with 19.",,stop,2.360,true
rednaxela26,deepseek-v4-flash,19,"I'm a strategic thinker who enjoys anticipating others' moves, like when I predicted festival lineups based on tour gaps. The other player likely wants to maximize their own payoff, so they might pick 20. If I pick 19, I get 19 plus the 20 bonus if they pick 20, totaling 39, which is better than picking 20 and getting 20 (or 40 if they pick 19, but that's riskier). I'll go one less than the likely high pick.",,stop,1.912,true
EnergizedNuke,deepseek-v4-flash,19,"I'm a practical person who values quality and strategy. I expect the other player to aim for a high amount, likely 20, to maximize their base payout. If I choose 19, I get 19 plus the 20 bonus if they pick 20, totaling 39. That's better than picking 20 and risking a tie or lower bonus. I think strategically, not just going for the obvious max.",,stop,3.072,true
OUScotty,deepseek-v4-flash,15,"I'm a practical guy who thinks about what others might do. The bonus for asking one less is tempting, but I don't trust the other player to cooperate. I'd rather pick a safe middle number that avoids the risk of them undercutting me. 15 is a solid choice—not too high, not too low, and if they pick 14 or 16, I still get a decent amount without the bonus.",,stop,1.682,true
Ares9719,deepseek-v4-flash,15,"I'm a practical guy who likes to play it safe but also wants to win. The other player probably thinks the same way, so they'll likely pick a middle number like 15 or 16. If I pick 15, I might get the bonus if they pick 16, but if they pick 14, I lose out. I'll go with 15 because it's a common choice and gives me a decent chance at the bonus without being too risky.",,stop,2.139,true
nothing-feels-good,deepseek-v4-flash,20,"I'm a strategic thinker who likes to anticipate others' moves, but I also value straightforwardness. The bonus for asking one less than the other creates a tension: I want to maximize my base amount, but also have a chance at the bonus. If I pick 20, the other might pick 19 to get the bonus, but then I'd get 20+20=40. If I pick 19, the other might pick 18, giving me 19+20=39. But if they pick 20, I get 19. The safest high number is 20, because even if they pick 19, I get 40, and if they pick 20, I get 20. I expect the other player to also think strategically and might pick 19 to try for the bonus, but I'll take the higher base and potential bonus by picking 20.",,stop,2.659,true
catholicismisascam,deepseek-v4-flash,19,"I'm a practical guy who likes straightforward solutions. The other player probably wants to maximize their own money, so they'll likely pick a high number like 20. If I pick 19, I get 19 plus the 20 bonus for being one less, totaling 39. That's better than picking 20 and getting 20 with no bonus. I'll go with 19.",,stop,2.538,true
ca_devotee,deepseek-v4-flash,14,"I'm not much of a game theorist, but I'd guess the other player might go for a middle number like 15 or 16. If I pick 14, that's one less than 15, so I'd get the bonus if they pick 15. Even if they pick something else, 14 is still a decent amount. I'm not trying to be too clever, just a safe bet that could pay off.",,stop,1.768,true
Jibzzy,deepseek-v4-flash,19,"I'm a practical guy who likes to keep things simple and avoid overthinking. The other player probably wants to get the bonus too, so they'll likely pick a number that's one more than mine. I'll go with 19, hoping they pick 20, so I get the extra 20 shekels. It's a bit of a gamble, but it's a safe bet since 20 is a common choice.",,stop,2.636,true
kanahl,deepseek-v4-flash,15,"I'm a practical guy who thinks about what others might do. Most people will probably pick a middle number like 15 or 16 to avoid being too low or too high. If I pick 15, and they pick 16, I get the bonus. If they pick 15, we tie and I get 15. If they pick lower, I still get a decent amount. I'd rather aim for a safe bet that has a chance of the bonus without risking too much.",,stop,2.459,true
Camcongab,deepseek-v4-flash,19,"I'm a strategic player who thinks ahead. In this game, the bonus for asking one less than the other player creates a tension. If I expect the other to pick a high number like 20, I could pick 19 to get the bonus. But if they also think that way, they might pick 19, making 18 better. This could escalate downward. However, the base payoffs are high, so I'd rather secure a decent amount without risking a low number. I think most players will aim for 20 or 19, so I'll pick 19 to try to get the bonus while still getting a high base amount. If they pick 20, I get 19+20=39; if they pick 19, we both get 19, which is fine. If they pick lower, I still get at least 19.",,stop,2.978,true
